variant,trial,req,status,latency_ms,boot_token,inflight_at_start,pings_during,handler_s
wp1_cs_v1_img_pub,0,0,ok,20225.3,d634d4483ab1ee7a,1,10,20.0
wp1_cs_v1_img_pub,0,1,ok,20269.0,d634d4483ab1ee7a,3,10,20.0
wp1_cs_v1_img_pub,0,2,ok,20243.7,d634d4483ab1ee7a,2,10,20.0
wp1_cs_v1_img_pub,1,0,ok,20256.4,9b07e6bbcdf9ad26,2,10,20.0
wp1_cs_v1_img_pub,1,1,ok,20255.0,9b07e6bbcdf9ad26,1,10,20.0
wp1_cs_v1_img_pub,1,2,ok,20255.2,9b07e6bbcdf9ad26,3,10,20.0
wp1_cs_v1_img_pub,2,0,ok,20256.7,57b449efc2c10003,3,10,20.0
wp1_cs_v1_img_pub,2,1,ok,20255.9,57b449efc2c10003,2,10,20.0
wp1_cs_v1_img_pub,2,2,ok,20255.3,57b449efc2c10003,1,10,20.0
wp1_cs_v2_img_pub,0,0,ok,20187.2,54a37bb576311c91,1,10,20.0
wp1_cs_v2_img_pub,0,1,ok,20203.4,54a37bb576311c91,3,10,20.0
wp1_cs_v2_img_pub,0,2,ok,20194.1,54a37bb576311c91,2,10,20.0
wp1_cs_v2_img_pub,1,0,ok,20230.7,bff9898d4cd35157,3,10,20.0
wp1_cs_v2_img_pub,1,1,ok,20214.7,bff9898d4cd35157,2,10,20.0
wp1_cs_v2_img_pub,1,2,ok,20187.4,bff9898d4cd35157,1,10,20.0
wp1_cs_v2_img_pub,2,0,ok,20235.9,54a37bb576311c91,3,10,20.0
wp1_cs_v2_img_pub,2,1,ok,20214.3,54a37bb576311c91,1,10,20.0
wp1_cs_v2_img_pub,2,2,ok,20217.8,54a37bb576311c91,2,10,20.0
wp1_cs_v1_img_pub_blk,0,0,ok,40232.3,724ffb0d68538781,1,0,20.0
wp1_cs_v1_img_pub_blk,0,1,ok,20171.8,724ffb0d68538781,1,0,20.0
wp1_cs_v1_img_pub_blk,0,2,ok,87192.2,5c4e1555e486eb90,1,0,20.0
wp1_cs_v1_img_pub_blk,1,0,ok,40208.7,d5772b6f154aa63a,1,0,20.0
wp1_cs_v1_img_pub_blk,1,1,ok,60181.1,d5772b6f154aa63a,1,0,20.0
wp1_cs_v1_img_pub_blk,1,2,ok,20176.7,d5772b6f154aa63a,1,0,20.0
wp1_cs_v1_img_pub_blk,2,0,ok,60187.9,458bcc27dec98ccc,1,0,20.0
wp1_cs_v1_img_pub_blk,2,1,ok,40166.3,458bcc27dec98ccc,1,0,20.0
wp1_cs_v1_img_pub_blk,2,2,ok,20215.6,458bcc27dec98ccc,1,0,20.0
wp1_cs_v1_img_pub_blk,0,0,RuntimeClientError,156749.5,,,,
wp1_cs_v1_img_pub_busy,0,0,ok,180181.5,2784e583219c03d9,1,90,180.0
wp1_cs_v1_img_pub,0,0,RuntimeClientError,246764.2,,,,
