variant,trial,delay_s,prewarm_status,prewarm_ms,real_status,real_ms,real_first_request,same_boot
wp1_cs_v1_img_pub,0,3.0,ok,715.1,ok,175.6,False,True
wp1_cs_v1_img_pub,1,3.0,ok,500.8,ok,162.1,False,True
wp1_cs_v1_img_pub,2,3.0,ok,475.5,ok,167.1,False,True
wp1_cs_v1_img_pub,3,3.0,ok,617.1,ok,168.1,False,True
wp1_cs_v1_img_pub,4,3.0,ok,534.9,ok,145.1,False,True
wp1_cs_v1_img_pub,5,3.0,ok,497.5,ok,162.0,False,True
wp1_cs_v1_img_pub,6,3.0,ok,490.4,ok,198.4,False,True
wp1_cs_v1_img_pub,7,3.0,ok,563.3,ok,185.6,False,True
wp1_cs_v1_img_pub,8,3.0,ok,640.9,ok,203.8,False,True
wp1_cs_v1_img_pub,9,3.0,ok,620.2,ok,169.5,False,True
wp1_cs_v1_img_pub,10,3.0,ok,534.6,ok,176.8,False,True
wp1_cs_v1_img_pub,11,3.0,ok,430.0,ok,169.7,False,True
wp1_cs_v1_img_pub,12,3.0,ok,556.0,ok,190.5,False,True
wp1_cs_v1_img_pub,13,3.0,ok,437.5,ok,178.0,False,True
wp1_cs_v1_img_pub,14,3.0,ok,435.7,ok,148.0,False,True
wp1_cs_v1_img_pub,15,3.0,ok,568.5,ok,230.2,False,True
wp1_cs_v1_img_pub,16,3.0,ok,450.0,ok,148.5,False,True
wp1_cs_v1_img_pub,17,3.0,ok,533.3,ok,138.1,False,True
wp1_cs_v1_img_pub,18,3.0,ok,617.8,ok,174.0,False,True
wp1_cs_v1_img_pub,19,3.0,ok,461.6,ok,156.6,False,True
wp1_cs_v2_img_pub,0,3.0,ok,2361.1,ok,210.3,False,True
wp1_cs_v2_img_pub,1,3.0,ok,1923.0,ok,178.7,False,True
wp1_cs_v2_img_pub,2,3.0,ok,2202.4,ok,231.4,False,True
wp1_cs_v2_img_pub,3,3.0,ok,1800.1,ok,213.8,False,True
wp1_cs_v2_img_pub,4,3.0,ok,1695.9,ok,434.7,False,True
wp1_cs_v2_img_pub,5,3.0,ok,1709.3,ok,204.5,False,True
wp1_cs_v2_img_pub,6,3.0,ok,1686.7,ok,188.1,False,True
wp1_cs_v2_img_pub,7,3.0,ok,1715.1,ok,176.7,False,True
wp1_cs_v2_img_pub,8,3.0,ok,1976.1,ok,184.9,False,True
wp1_cs_v2_img_pub,9,3.0,ok,2333.1,ok,219.4,False,True
wp1_cs_v2_img_pub,10,3.0,ok,1822.8,ok,196.0,False,True
wp1_cs_v2_img_pub,11,3.0,ok,1735.9,ok,188.7,False,True
wp1_cs_v2_img_pub,12,3.0,ok,1667.5,ok,194.8,False,True
wp1_cs_v2_img_pub,13,3.0,ok,2156.4,ok,172.6,False,True
wp1_cs_v2_img_pub,14,3.0,ok,2261.2,ok,229.2,False,True
wp1_cs_v2_img_pub,15,3.0,ok,2058.2,ok,221.3,False,True
wp1_cs_v2_img_pub,16,3.0,ok,1776.5,ok,241.6,False,True
wp1_cs_v2_img_pub,17,3.0,ok,1807.8,ok,187.4,False,True
wp1_cs_v2_img_pub,18,3.0,ok,1802.3,ok,185.3,False,True
wp1_cs_v2_img_pub,19,3.0,ok,1694.9,ok,166.4,False,True
wp1_cs_v1_bigimg_pub,0,3.0,ok,1861.7,ok,206.2,False,True
wp1_cs_v1_bigimg_pub,1,3.0,ok,641.0,ok,158.1,False,True
wp1_cs_v1_bigimg_pub,2,3.0,ok,1233.0,ok,165.8,False,True
wp1_cs_v1_bigimg_pub,3,3.0,ok,598.4,ok,134.7,False,True
wp1_cs_v1_bigimg_pub,4,3.0,ok,1751.5,ok,166.8,False,True
wp1_cs_v1_bigimg_pub,5,3.0,ok,723.0,ok,177.4,False,True
wp1_cs_v1_bigimg_pub,6,3.0,ok,500.6,ok,189.5,False,True
wp1_cs_v1_bigimg_pub,7,3.0,ok,840.8,ok,246.8,False,True
wp1_cs_v1_bigimg_pub,8,3.0,ok,529.6,ok,156.6,False,True
wp1_cs_v1_bigimg_pub,9,3.0,ok,1218.8,ok,171.1,False,True
wp1_cs_v1_bigimg_pub,10,3.0,ok,667.1,ok,183.6,False,True
wp1_cs_v1_bigimg_pub,11,3.0,ok,545.3,ok,196.6,False,True
wp1_cs_v1_bigimg_pub,12,3.0,ok,541.8,ok,344.2,False,True
wp1_cs_v1_bigimg_pub,13,3.0,ok,495.2,ok,170.6,False,True
wp1_cs_v1_bigimg_pub,14,3.0,ok,564.9,ok,172.0,False,True
wp1_cs_v1_bigimg_pub,15,3.0,ok,465.7,ok,201.1,False,True
wp1_cs_v1_bigimg_pub,16,3.0,ok,589.5,ok,198.8,False,True
wp1_cs_v1_bigimg_pub,17,3.0,ok,546.6,ok,186.8,False,True
wp1_cs_v1_bigimg_pub,18,3.0,ok,491.2,ok,170.6,False,True
wp1_cs_v1_bigimg_pub,19,3.0,ok,590.2,ok,165.8,False,True
wp1_cs_v2_bigimg_pub,0,3.0,ok,1814.8,ok,197.8,False,True
wp1_cs_v2_bigimg_pub,1,3.0,ok,1729.3,ok,209.0,False,True
wp1_cs_v2_bigimg_pub,2,3.0,ok,1500.9,ok,216.9,False,True
wp1_cs_v2_bigimg_pub,3,3.0,ok,1751.9,ok,186.5,False,True
wp1_cs_v2_bigimg_pub,4,3.0,ok,1731.5,ok,196.8,False,True
wp1_cs_v2_bigimg_pub,5,3.0,ok,1933.3,ok,169.9,False,True
wp1_cs_v2_bigimg_pub,6,3.0,ok,2101.0,ok,187.7,False,True
wp1_cs_v2_bigimg_pub,7,3.0,ok,1745.7,ok,180.0,False,True
wp1_cs_v2_bigimg_pub,8,3.0,ok,2264.4,ok,191.4,False,True
wp1_cs_v2_bigimg_pub,9,3.0,ok,1708.7,ok,252.2,False,True
wp1_cs_v2_bigimg_pub,10,3.0,ok,1879.4,ok,166.0,False,True
wp1_cs_v2_bigimg_pub,11,3.0,ok,1608.7,ok,211.3,False,True
wp1_cs_v2_bigimg_pub,12,3.0,ok,1725.7,ok,209.5,False,True
wp1_cs_v2_bigimg_pub,13,3.0,ok,1888.5,ok,179.3,False,True
wp1_cs_v2_bigimg_pub,14,3.0,ok,2033.6,ok,200.3,False,True
wp1_cs_v2_bigimg_pub,15,3.0,ok,2317.5,ok,170.6,False,True
wp1_cs_v2_bigimg_pub,16,3.0,ok,1772.1,ok,195.6,False,True
wp1_cs_v2_bigimg_pub,17,3.0,ok,1700.4,ok,176.0,False,True
wp1_cs_v2_bigimg_pub,18,3.0,ok,1868.2,ok,180.3,False,True
wp1_cs_v2_bigimg_pub,19,3.0,ok,1698.7,ok,185.3,False,True
