variant,trial,cold_ms,warm_ms,cold_first_request,warm_same_boot,boot_token,boot_random,boot_age_s,hostname,pid
wp1_cs_v1_img_pub,0,761.4,214.1,True,True,cfb3f204cfd169ef,0.035123497122148795,582.531,localhost,1
wp1_cs_v1_img_pub,1,456.9,210.5,True,True,bf67a9c1dcbfb1df,0.8739014092474104,346.009,localhost,1
wp1_cs_v1_img_pub,2,672.7,198.6,True,True,0b4fb70f4955ad2c,0.2022090000679908,588.639,localhost,1
wp1_cs_v1_img_pub,3,527.4,174.3,True,True,caacf4525d06ae19,0.5605627966726573,591.501,localhost,1
wp1_cs_v1_img_pub,4,643.8,182.3,True,True,b2062afa9593bdcf,0.441873613328848,594.613,localhost,1
wp1_cs_v1_img_pub,5,613.5,172.7,True,True,01aa98d182acce2b,0.49094817959854364,597.65,localhost,1
wp1_cs_v1_img_pub,6,682.7,177.3,True,True,1676af6068652ef2,0.02898392757893231,600.644,localhost,1
wp1_cs_v1_img_pub,7,512.5,171.9,True,True,f87363e77a680696,0.13960228087938453,15.539,localhost,1
wp1_cs_v1_img_pub,8,582.0,188.9,True,True,eadbf5d597dfe904,0.7892313183776513,606.552,localhost,1
wp1_cs_v1_img_pub,9,477.0,192.1,True,True,11568ca26ac1eb5d,0.37357819421185234,18.467,localhost,1
wp1_cs_v1_img_pub,10,471.2,186.3,True,True,9bf5f13cbfd8a846,0.23365633713043243,12.437,localhost,1
wp1_cs_v1_img_pub,11,576.0,169.3,True,True,47d01c70e0c902b8,0.5898395822227479,14.284,localhost,1
wp1_cs_v1_img_pub,12,564.1,186.3,True,True,e08acd2103725a01,0.053738072427101935,33.166,localhost,1
wp1_cs_v1_img_pub,13,535.0,224.3,True,True,8b95af35af700545,0.9218862814619788,19.989,localhost,1
wp1_cs_v1_img_pub,14,508.4,415.4,True,True,16ad0e535fe2200c,0.007545189101435756,18.059,localhost,1
wp1_cs_v1_img_pub,15,543.3,345.1,True,True,3106ea3f71024778,0.9874000875750503,15.355,localhost,1
wp1_cs_v1_img_pub,16,562.1,222.4,True,True,da60f584ac3cba8d,0.12692730682542674,21.863,localhost,1
wp1_cs_v1_img_pub,17,526.4,260.8,True,True,c6b40fa705518223,0.18748217911452647,633.94,localhost,1
wp1_cs_v1_img_pub,18,435.5,204.2,True,True,485a5c5b0fea7def,0.9249742688636076,39.705,localhost,1
wp1_cs_v1_img_pub,19,560.9,167.9,True,True,2c37d9fdd86ee452,0.2511511923469747,18.807,localhost,1
wp1_cs_v2_img_pub,0,1911.9,219.5,True,True,54a37bb576311c91,0.061240727154593944,565.971,localhost,1
wp1_cs_v2_img_pub,1,1907.4,241.1,True,True,54a37bb576311c91,0.061240727154593944,570.399,localhost,1
wp1_cs_v2_img_pub,2,1655.5,226.7,True,True,54a37bb576311c91,0.061240727154593944,574.579,localhost,1
wp1_cs_v2_img_pub,3,1814.0,668.0,True,True,54a37bb576311c91,0.061240727154593944,578.88,localhost,1
wp1_cs_v2_img_pub,4,1897.3,188.1,True,True,54a37bb576311c91,0.061240727154593944,583.652,localhost,1
wp1_cs_v2_img_pub,5,2591.3,221.5,True,True,54a37bb576311c91,0.061240727154593944,588.845,localhost,1
wp1_cs_v2_img_pub,6,1932.4,162.7,True,True,54a37bb576311c91,0.061240727154593944,593.295,localhost,1
wp1_cs_v2_img_pub,7,1897.9,216.7,True,True,54a37bb576311c91,0.061240727154593944,597.671,localhost,1
wp1_cs_v2_img_pub,8,1935.7,164.8,True,True,54a37bb576311c91,0.061240727154593944,602.129,localhost,1
wp1_cs_v2_img_pub,9,1689.9,205.6,True,True,54a37bb576311c91,0.061240727154593944,606.189,localhost,1
wp1_cs_v2_img_pub,10,2006.5,232.4,True,True,54a37bb576311c91,0.061240727154593944,610.705,localhost,1
wp1_cs_v2_img_pub,11,1839.1,206.8,True,True,54a37bb576311c91,0.061240727154593944,615.107,localhost,1
wp1_cs_v2_img_pub,12,1838.8,216.6,True,True,54a37bb576311c91,0.061240727154593944,619.453,localhost,1
wp1_cs_v2_img_pub,13,1597.4,228.3,True,True,54a37bb576311c91,0.061240727154593944,623.582,localhost,1
wp1_cs_v2_img_pub,14,2313.2,195.7,True,True,54a37bb576311c91,0.061240727154593944,628.38,localhost,1
wp1_cs_v2_img_pub,15,1772.2,178.8,True,True,54a37bb576311c91,0.061240727154593944,632.63,localhost,1
wp1_cs_v2_img_pub,16,1804.3,490.5,True,True,bff9898d4cd35157,0.9327009625126296,636.202,localhost,1
wp1_cs_v2_img_pub,17,1884.2,270.0,True,True,54a37bb576311c91,0.061240727154593944,641.516,localhost,1
wp1_cs_v2_img_pub,18,2125.9,186.9,True,True,54a37bb576311c91,0.061240727154593944,646.255,localhost,1
wp1_cs_v2_img_pub,19,2347.9,212.3,True,True,54a37bb576311c91,0.061240727154593944,651.079,localhost,1
wp1_cs_v1_bigimg_pub,0,528.6,157.2,True,True,bf9abbdcc1c8ef04,0.2309364686230242,144.065,localhost,1
wp1_cs_v1_bigimg_pub,1,714.2,160.5,True,True,deb9e9adb67b2a9d,0.018069588239572387,146.945,localhost,1
wp1_cs_v1_bigimg_pub,2,543.7,208.0,True,True,0bf2a24b5f0a545e,0.8450094973077525,149.679,localhost,1
wp1_cs_v1_bigimg_pub,3,558.6,185.0,True,True,8f775b6cfe71e847,0.5409960243467836,152.681,localhost,1
wp1_cs_v1_bigimg_pub,4,553.7,205.7,True,True,0445d91de3cfbb7a,0.12916710460644942,155.867,localhost,1
wp1_cs_v1_bigimg_pub,5,535.3,192.9,True,True,0d8752f8bf073165,0.29833917281342615,158.703,localhost,1
wp1_cs_v1_bigimg_pub,6,538.7,237.0,True,True,435d486e18a93977,0.5836268284940015,162.047,localhost,1
wp1_cs_v1_bigimg_pub,7,560.3,168.0,True,True,38b51463a11603a1,0.4230248339002336,165.094,localhost,1
wp1_cs_v1_bigimg_pub,8,609.8,200.9,True,True,f300ec39ec2347ad,0.2208442331381203,168.315,localhost,1
wp1_cs_v1_bigimg_pub,9,543.6,183.0,True,True,56f76669cdd1380f,0.914709555699202,171.463,localhost,1
wp1_cs_v1_bigimg_pub,10,17506.5,197.8,True,True,25b8c4a2679e1256,0.5213747807282031,1.739,localhost,1
wp1_cs_v1_bigimg_pub,11,542.3,239.9,True,True,3a9a09d30b70b519,0.6393499979918066,33.325,localhost,1
wp1_cs_v1_bigimg_pub,12,513.6,196.8,True,True,3752f1a239c64cd8,0.3363151254401836,20.058,localhost,1
wp1_cs_v1_bigimg_pub,13,558.8,180.0,True,True,acabd4f378c6f53b,0.10463884771018606,37.578,localhost,1
wp1_cs_v1_bigimg_pub,14,562.6,189.0,True,True,759600ffcfb8f69a,0.3866526642462961,15.997,localhost,1
wp1_cs_v1_bigimg_pub,15,595.9,344.3,True,True,ea2a95a0aa10bf69,0.7222230163483139,40.992,localhost,1
wp1_cs_v1_bigimg_pub,16,616.2,224.0,True,True,4250aa209c1406a7,0.8216079025689512,35.152,localhost,1
wp1_cs_v1_bigimg_pub,17,512.3,190.2,True,True,a713784aaa10c429,0.8484017795910476,30.988,localhost,1
wp1_cs_v1_bigimg_pub,18,550.8,181.0,True,True,e5e01d03fe3fba8e,0.9265119766520502,43.591,localhost,1
wp1_cs_v1_bigimg_pub,19,607.7,173.2,True,True,de94a84299e69176,0.2092315918676182,49.669,localhost,1
wp1_cs_v2_bigimg_pub,0,1894.3,201.6,True,True,783743fd0b6deb2f,0.6678768660889813,163.309,localhost,1
wp1_cs_v2_bigimg_pub,1,1888.4,181.3,True,True,783743fd0b6deb2f,0.6678768660889813,167.713,localhost,1
wp1_cs_v2_bigimg_pub,2,1658.3,191.3,True,True,783743fd0b6deb2f,0.6678768660889813,171.787,localhost,1
wp1_cs_v2_bigimg_pub,3,1861.3,196.0,True,True,783743fd0b6deb2f,0.6678768660889813,176.146,localhost,1
wp1_cs_v2_bigimg_pub,4,2526.8,231.0,True,True,783743fd0b6deb2f,0.6678768660889813,181.176,localhost,1
wp1_cs_v2_bigimg_pub,5,1819.7,184.9,True,True,783743fd0b6deb2f,0.6678768660889813,185.429,localhost,1
wp1_cs_v2_bigimg_pub,6,1704.4,158.8,True,True,783743fd0b6deb2f,0.6678768660889813,189.695,localhost,1
wp1_cs_v2_bigimg_pub,7,1881.7,191.2,True,True,783743fd0b6deb2f,0.6678768660889813,194.028,localhost,1
wp1_cs_v2_bigimg_pub,8,2827.3,213.8,True,True,783743fd0b6deb2f,0.6678768660889813,199.295,localhost,1
wp1_cs_v2_bigimg_pub,9,1831.7,196.6,True,True,783743fd0b6deb2f,0.6678768660889813,203.634,localhost,1
wp1_cs_v2_bigimg_pub,10,1792.9,189.1,True,True,783743fd0b6deb2f,0.6678768660889813,207.934,localhost,1
wp1_cs_v2_bigimg_pub,11,1813.4,181.5,True,True,783743fd0b6deb2f,0.6678768660889813,212.24,localhost,1
wp1_cs_v2_bigimg_pub,12,2260.1,210.6,True,True,783743fd0b6deb2f,0.6678768660889813,216.966,localhost,1
wp1_cs_v2_bigimg_pub,13,1927.8,222.7,True,True,783743fd0b6deb2f,0.6678768660889813,221.397,localhost,1
wp1_cs_v2_bigimg_pub,14,1996.3,174.5,True,True,783743fd0b6deb2f,0.6678768660889813,225.852,localhost,1
wp1_cs_v2_bigimg_pub,15,1771.0,162.2,True,True,783743fd0b6deb2f,0.6678768660889813,230.092,localhost,1
wp1_cs_v2_bigimg_pub,16,1848.6,181.0,True,True,783743fd0b6deb2f,0.6678768660889813,234.337,localhost,1
wp1_cs_v2_bigimg_pub,17,1740.3,195.0,True,True,783743fd0b6deb2f,0.6678768660889813,238.553,localhost,1
wp1_cs_v2_bigimg_pub,18,1862.9,190.8,True,True,783743fd0b6deb2f,0.6678768660889813,242.874,localhost,1
wp1_cs_v2_bigimg_pub,19,1809.3,200.3,True,True,783743fd0b6deb2f,0.6678768660889813,247.126,localhost,1
