session_id,human,builtin_helpfulness,custom_judge,response_chars
s000,1,1,1,388
s001,0,0,1,272
s002,1,1,1,156
s003,1,1,1,949
s004,0,0,0,206
s005,0,0,0,175
s006,1,1,1,1187
s007,0,1,0,450
s008,1,1,1,279
s009,1,1,1,501
s010,0,0,0,1033
s011,1,1,1,448
s012,1,1,1,1155
s013,1,1,1,229
s014,0,0,0,391
s015,0,0,0,238
s016,0,1,0,722
s017,1,1,1,1014
s018,1,1,1,213
s019,1,1,1,992
s020,1,1,1,126
s021,1,1,1,1091
s022,1,1,0,587
s023,1,1,1,420
s024,0,0,0,961
s025,1,1,1,814
s026,1,1,1,249
s027,1,1,1,1073
s028,1,1,1,378
s029,1,1,1,337
s030,1,1,1,190
s031,0,1,0,883
s032,1,1,1,900
s033,1,1,1,412
s034,1,1,0,389
s035,1,1,1,224
s036,1,0,1,596
s037,1,1,0,316
s038,1,1,1,1070
s039,0,0,0,622
s040,1,0,1,500
s041,1,1,1,1192
s042,1,1,1,266
s043,1,1,1,422
s044,1,1,1,1109
s045,0,0,0,479
s046,0,0,0,544
s047,0,0,0,137
s048,1,1,0,785
s049,0,1,0,826
s050,1,1,1,771
s051,0,0,0,83
s052,0,0,0,253
s053,1,1,1,488
s054,0,1,0,760
s055,0,1,0,1028
s056,0,0,1,428
s057,1,1,1,1033
s058,0,0,0,1051
s059,1,1,1,348
s060,0,0,0,290
s061,1,1,1,478
s062,1,1,1,679
s063,1,1,1,1194
s064,0,0,0,804
s065,0,1,0,1138
s066,1,1,1,1169
s067,0,0,0,455
s068,1,1,1,369
s069,1,1,1,747
s070,1,1,1,297
s071,1,1,1,166
s072,1,1,1,209
s073,1,1,1,1128
s074,1,1,1,1059
s075,1,1,0,611
s076,1,1,1,996
s077,1,1,1,228
s078,1,1,0,700
s079,1,1,0,829
s080,0,0,1,529
s081,0,0,0,413
s082,1,0,1,963
s083,1,1,1,810
s084,1,1,1,1019
s085,1,1,1,685
s086,0,0,0,548
s087,1,1,1,161
s088,0,0,0,944
s089,0,1,0,911
s090,1,1,1,749
s091,1,1,1,951
s092,1,1,1,261
s093,0,0,0,216
s094,1,1,1,935
s095,1,1,0,1159
s096,0,1,0,616
s097,1,1,1,704
s098,1,1,1,444
s099,0,1,0,155
s100,1,1,1,468
s101,1,1,1,965
s102,0,1,0,1117
s103,1,1,1,486
s104,1,0,0,908
s105,0,1,0,109
s106,1,1,1,414
s107,1,1,1,1116
s108,1,1,1,680
s109,1,1,0,87
s110,0,1,1,1200
s111,0,0,1,526
s112,1,1,1,1052
s113,1,1,1,90
s114,1,1,1,165
s115,1,1,1,253
s116,0,0,0,877
s117,1,1,1,661
s118,1,1,1,1130
s119,0,0,0,365
s120,1,1,1,112
s121,0,1,1,550
s122,1,1,1,294
s123,1,1,1,118
s124,1,1,1,86
s125,0,1,0,1176
s126,0,1,1,1050
s127,1,1,1,500
s128,1,1,0,863
s129,1,1,1,175
s130,1,1,1,381
s131,1,1,1,353
s132,1,1,1,283
s133,1,1,1,1137
s134,0,0,1,488
s135,1,1,1,673
s136,0,0,0,1000
s137,0,1,1,511
s138,0,0,0,616
s139,0,1,0,1121
s140,1,1,1,1099
s141,1,1,1,87
s142,1,1,1,368
s143,1,1,1,758
s144,0,0,0,325
s145,1,1,1,673
s146,1,1,1,236
s147,1,1,1,178
s148,1,1,1,384
s149,1,1,1,468
s150,1,1,1,139
s151,0,0,1,496
s152,0,0,0,1003
s153,0,1,0,1074
s154,1,1,1,1047
s155,1,1,1,612
s156,1,1,1,887
s157,1,1,1,1105
s158,1,0,1,761
s159,1,1,1,474
s160,1,1,1,733
s161,1,1,1,121
s162,1,1,1,1153
s163,0,1,0,1100
s164,1,1,1,1110
s165,0,0,0,269
s166,1,1,1,993
s167,0,1,0,124
s168,0,0,0,1049
s169,1,1,0,1161
s170,1,1,1,303
s171,0,0,0,303
s172,1,1,1,1016
s173,1,1,0,337
s174,1,0,1,702
s175,1,1,1,975
s176,1,1,1,1154
s177,1,1,1,82
s178,1,1,0,727
s179,1,1,1,560
s180,1,1,1,709
s181,0,1,0,940
s182,1,1,1,838
s183,1,1,1,941
s184,1,1,1,678
s185,1,1,1,490
s186,1,1,0,533
s187,1,1,0,1095
s188,1,1,1,195
s189,1,1,1,516
s190,1,1,1,203
s191,0,0,0,723
s192,0,1,0,754
s193,1,1,1,1037
s194,1,0,1,845
s195,1,1,1,240
s196,0,0,0,333
s197,1,1,1,712
s198,1,1,1,1049
s199,1,1,0,742
